test_last_true,G1_last_test_pred
2916.9999993801116,2915.0496
2901.799996459484,2901.4011
2920.2999999284743,2922.7817
